-- phpMyAdmin SQL Dump
-- version 5.1.1
-- https://www.phpmyadmin.net/
--
-- Anamakine: 127.0.0.1
-- Üretim Zamanı: 22 Ara 2022, 19:15:39
-- Sunucu sürümü: 10.4.22-MariaDB
-- PHP Sürümü: 8.1.2

SET SQL_MODE = "NO_AUTO_VALUE_ON_ZERO";
START TRANSACTION;
SET time_zone = "+00:00";


/*!40101 SET @OLD_CHARACTER_SET_CLIENT=@@CHARACTER_SET_CLIENT */;
/*!40101 SET @OLD_CHARACTER_SET_RESULTS=@@CHARACTER_SET_RESULTS */;
/*!40101 SET @OLD_COLLATION_CONNECTION=@@COLLATION_CONNECTION */;
/*!40101 SET NAMES utf8mb4 */;

--
-- Veritabanı: `ayu_proje1`
--

-- --------------------------------------------------------

--
-- Tablo için tablo yapısı `admins`
--

CREATE TABLE `admins` (
  `adminID` int(11) NOT NULL,
  `adminTCNumber` varchar(11) NOT NULL,
  `adminName` varchar(255) NOT NULL,
  `adminSurname` varchar(255) NOT NULL,
  `adminGender` char(2) NOT NULL,
  `adminPassword` varchar(200) NOT NULL,
  `adminBirthday` date NOT NULL DEFAULT current_timestamp(),
  `adminAge` int(3) NOT NULL,
  `adminEmail` varchar(200) NOT NULL,
  `adminSignupDate` date NOT NULL DEFAULT current_timestamp(),
  `adminPhoto` varchar(200) NOT NULL,
  `adminStatus` tinyint(2) NOT NULL DEFAULT 1
) ENGINE=InnoDB DEFAULT CHARSET=utf8;

--
-- Tablo döküm verisi `admins`
--

INSERT INTO `admins` (`adminID`, `adminTCNumber`, `adminName`, `adminSurname`, `adminGender`, `adminPassword`, `adminBirthday`, `adminAge`, `adminEmail`, `adminSignupDate`, `adminPhoto`, `adminStatus`) VALUES
(1, '45145145199', 'sinan', 'şimşek', 'E', '698d51a19d8a121ce581499d7b701668', '1985-01-01', 37, 'snnsmsk@gmail.com', '2022-10-29', 'erkek_avatar.png', 1);

-- --------------------------------------------------------

--
-- Tablo için tablo yapısı `cities`
--

CREATE TABLE `cities` (
  `cityID` tinyint(3) NOT NULL,
  `cityName` varchar(100) NOT NULL
) ENGINE=InnoDB DEFAULT CHARSET=utf8;

--
-- Tablo döküm verisi `cities`
--

INSERT INTO `cities` (`cityID`, `cityName`) VALUES
(1, 'ADANA'),
(2, 'ADIYAMAN'),
(3, 'AFYON'),
(4, 'AĞRI'),
(68, 'AKSARAY'),
(5, 'AMASYA'),
(6, 'ANKARA'),
(7, 'ANTALYA'),
(75, 'ARDAHAN'),
(8, 'ARTVİN'),
(9, 'AYDIN'),
(10, 'BALIKESİR'),
(74, 'BARTIN'),
(72, 'BATMAN'),
(69, 'BAYBURT'),
(11, 'BİLECİK'),
(12, 'BİNGÖL'),
(13, 'BİTLİS'),
(14, 'BOLU'),
(15, 'BURDUR'),
(16, 'BURSA'),
(17, 'ÇANAKKALE'),
(18, 'ÇANKIRI'),
(19, 'ÇORUM'),
(20, 'DENİZLİ'),
(21, 'DİYARBAKIR'),
(81, 'DÜZCE'),
(22, 'EDİRNE'),
(23, 'ELAZIĞ'),
(24, 'ERZİNCAN'),
(25, 'ERZURUM'),
(26, 'ESKİŞEHİR'),
(27, 'GAZİANTEP'),
(28, 'GİRESUN'),
(29, 'GÜMÜŞHANE'),
(30, 'HAKKARİ'),
(31, 'HATAY'),
(33, 'İÇEL'),
(76, 'IĞDIR'),
(32, 'ISPARTA'),
(34, 'İSTANBUL'),
(35, 'İZMİR'),
(46, 'KAHRAMANMARAŞ'),
(78, 'KARABÜK'),
(70, 'KARAMAN'),
(36, 'KARS'),
(37, 'KASTAMONU'),
(38, 'KAYSERİ'),
(79, 'KİLİS'),
(71, 'KIRIKKALE'),
(39, 'KIRKLARELİ'),
(40, 'KIRŞEHİR'),
(41, 'KOCAELİ'),
(42, 'KONYA'),
(43, 'KÜTAHYA'),
(44, 'MALATYA'),
(45, 'MANİSA'),
(47, 'MARDİN'),
(48, 'MUĞLA'),
(49, 'MUŞ'),
(50, 'NEVŞEHİR'),
(51, 'NİĞDE'),
(52, 'ORDU'),
(80, 'OSMANİYE'),
(53, 'RİZE'),
(54, 'SAKARYA'),
(55, 'SAMSUN'),
(63, 'ŞANLIURFA'),
(56, 'SİİRT'),
(57, 'SİNOP'),
(73, 'ŞIRNAK'),
(58, 'SİVAS'),
(59, 'TEKİRDAĞ'),
(60, 'TOKAT'),
(61, 'TRABZON'),
(62, 'TUNCELİ'),
(64, 'UŞAK'),
(65, 'VAN'),
(77, 'YALOVA'),
(66, 'YOZGAT'),
(67, 'ZONGULDAK');

-- --------------------------------------------------------

--
-- Tablo için tablo yapısı `doctors`
--

CREATE TABLE `doctors` (
  `doctorID` int(11) NOT NULL,
  `doctorTCNumber` varchar(11) NOT NULL,
  `doctorPassword` varchar(250) NOT NULL,
  `doctorUnvan` varchar(50) NOT NULL DEFAULT 'uzm. dr.',
  `doctorName` varchar(255) NOT NULL,
  `doctorSurname` varchar(255) NOT NULL,
  `doctorGender` char(1) NOT NULL,
  `doctorPhoneNumber` varchar(11) NOT NULL,
  `doctorBirthday` date DEFAULT NULL,
  `doctorBirthCity` smallint(4) NOT NULL,
  `doctorBirthTown` smallint(4) NOT NULL,
  `doctorAddressCity` smallint(3) NOT NULL,
  `doctorAddressTown` smallint(4) NOT NULL,
  `doctorAddress` varchar(250) NOT NULL,
  `doctorHospitalID` int(11) NOT NULL,
  `doctorPoliklinikID` int(11) NOT NULL,
  `doctorStatus` tinyint(1) NOT NULL DEFAULT 1,
  `doctorPhoto` varchar(250) NOT NULL
) ENGINE=InnoDB DEFAULT CHARSET=utf8;

--
-- Tablo döküm verisi `doctors`
--

INSERT INTO `doctors` (`doctorID`, `doctorTCNumber`, `doctorPassword`, `doctorUnvan`, `doctorName`, `doctorSurname`, `doctorGender`, `doctorPhoneNumber`, `doctorBirthday`, `doctorBirthCity`, `doctorBirthTown`, `doctorAddressCity`, `doctorAddressTown`, `doctorAddress`, `doctorHospitalID`, `doctorPoliklinikID`, `doctorStatus`, `doctorPhoto`) VALUES
(49, '22222222222', '0', 'uzm. dr.', 'nujin', 'şimşek', 'K', '5222222222', NULL, 0, 73, 0, 0, '', 1, 15, 1, ''),
(55, '77777777777', '0', 'uzm. dr. ', 'Mehmet', 'şimşek', 'E', '5777777777', NULL, 0, 73, 0, 0, '', 1, 29, 1, ''),
(56, '99999999999', '0', 'uzman', 'sinan', 'şimşek', 'E', '5444494263', NULL, 0, 73, 0, 0, '', 1, 31, 1, ''),
(57, '41252145214', '0', 'Uzm. Dr', 'Emine', 'şimşek', 'K', '5000000000', NULL, 0, 73, 0, 0, '', 1, 29, 1, ''),
(60, '14514514566', '0', 'Uzm. Dr', 'Sinan', 'şimşek', 'E', '5666666666', NULL, 0, 73, 0, 0, '', 1, 28, 1, ''),
(61, '12312332155', '0', 'uzman', 'baran', 'şimşek', 'E', '5000000000', NULL, 0, 73, 0, 0, '', 1, 31, 1, ''),
(62, '12312312355', '698d51a19d8a121ce581499d7b701668', 'Uzm Dr', 'falah', 'yerli', '', '5777777777', NULL, 0, 0, 0, 0, '', 0, 32, 1, ''),
(63, '14214214233', 'a75e5298d376f307c1a8d6d5d3dbd276', 'Uzm. Dr', 'nezahat', 'onaç', 'K', '5111111111', '0000-00-00', 1990, 9, 0, 0, '', 0, 29, 1, 'kadin_avatar.png'),
(66, '14914914933', '86a2939e77430de364081b90aaf5f71c', 'uzman', 'yusuf', 'aşkın', 'E', '5111111111', '1997-11-11', 11, 190, 0, 0, '', 0, 32, 1, 'erkek_avatar.png'),
(67, '12212212233', '698d51a19d8a121ce581499d7b701668', 'Dr', 'lionel', 'messi', 'E', '5000000000', '2000-11-11', 12, 198, 0, 0, '', 0, 37, 1, 'erkek_avatar.png');

--
-- Tetikleyiciler `doctors`
--
DELIMITER $$
CREATE TRIGGER `deleteRandevu` AFTER DELETE ON `doctors` FOR EACH ROW DELETE FROM randevu WHERE randevuDoctorID = OLD.doctorID
$$
DELIMITER ;
DELIMITER $$
CREATE TRIGGER `deleteSeans` AFTER DELETE ON `doctors` FOR EACH ROW DELETE FROM seans WHERE seansDoctorID = OLD.doctorID
$$
DELIMITER ;

-- --------------------------------------------------------

--
-- Tablo için tablo yapısı `patients`
--

CREATE TABLE `patients` (
  `patientID` int(11) NOT NULL,
  `patientTCNumber` varchar(11) NOT NULL,
  `patientName` varchar(30) NOT NULL,
  `patientSurname` varchar(255) NOT NULL,
  `patientGender` varchar(2) NOT NULL,
  `patientPassword` varchar(100) NOT NULL,
  `patientBirthCity` varchar(50) NOT NULL,
  `patientBirthTown` varchar(255) NOT NULL,
  `patientBirthDay` date NOT NULL DEFAULT current_timestamp(),
  `patientAge` tinyint(3) DEFAULT NULL,
  `patientSignUpDate` date NOT NULL DEFAULT current_timestamp(),
  `patientAddressTown` varchar(50) DEFAULT NULL,
  `patientAddressCity` varchar(50) DEFAULT NULL,
  `patientAddress` varchar(250) DEFAULT NULL,
  `patientIPNumber` varchar(50) DEFAULT NULL,
  `patientPhoto` varchar(50) DEFAULT NULL,
  `patientStatus` tinyint(4) DEFAULT 1,
  `patientRandevuCount` tinyint(1) UNSIGNED NOT NULL DEFAULT 0
) ENGINE=InnoDB DEFAULT CHARSET=utf8;

--
-- Tablo döküm verisi `patients`
--

INSERT INTO `patients` (`patientID`, `patientTCNumber`, `patientName`, `patientSurname`, `patientGender`, `patientPassword`, `patientBirthCity`, `patientBirthTown`, `patientBirthDay`, `patientAge`, `patientSignUpDate`, `patientAddressTown`, `patientAddressCity`, `patientAddress`, `patientIPNumber`, `patientPhoto`, `patientStatus`, `patientRandevuCount`) VALUES
(1, '11111111111', 'sinan', 'şimşek', 'E', '698d51a19d8a121ce581499d7b701668', '73', '885', '1985-01-01', 37, '2022-10-25', '885', '73', 'cudi mahallesi 61. sokak no:92', '::1', 'erkek_avatar.png', 1, 0),
(2, '22222222222', 'emine', 'şimşek', 'K', '698d51a19d8a121ce581499d7b701668', '73', '885', '1998-07-22', 24, '2022-10-25', '885', '73', 'cudi', '::1', 'kadin_avatar.png', 1, 0),
(4, '44444444444', 'tuba', 'şimşek', 'K', '698d51a19d8a121ce581499d7b701668', '73', '885', '2017-05-17', 5, '2022-10-25', '885', '73', 'cudi', '::1', 'kadin_avatar.png', 1, 0),
(5, '55555555555', 'hiranur', 'şimşek', 'K', '698d51a19d8a121ce581499d7b701668', '73', '885', '2016-12-12', 6, '2022-10-25', '885', '73', 'cudi', '::1', 'kadin_avatar.png', 1, 0),
(6, '99999999999', 'şirin', 'güler', 'K', '698d51a19d8a121ce581499d7b701668', '2', '32', '2022-02-03', 0, '2022-10-25', '120', '75', 'istanbul', '::1', 'kadin_avatar.png', 1, 0),
(11, '33333333333', 'muhammed', 'şimşek', 'E', '698d51a19d8a121ce581499d7b701668', '73', '885', '2022-10-26', 0, '2022-10-30', '885', '73', 'yenişehir', '::1', 'erkek_avatar.png', 1, 0),
(12, '66666666666', 'Sadun', 'değer', 'E', '698d51a19d8a121ce581499d7b701668', '73', '885', '1996-06-05', 26, '2022-10-31', '885', '73', 'asas', '::1', 'erkek_avatar.png', 1, 0),
(13, '77777777777', 'şervan', 'demir', 'E', '698d51a19d8a121ce581499d7b701668', '73', '885', '2013-06-05', 9, '2022-10-31', '885', '73', 'asasa', '::1', 'erkek_avatar.png', 1, 0),
(27, '14714714711', 'yağmur', 'fırtına', 'E', '698d51a19d8a121ce581499d7b701668', '73', '885', '2000-11-11', 22, '2022-12-20', '346', '24', '25 aralık mahallesi  asasa', '::1', 'erkek_avatar.png', 1, 0);

-- --------------------------------------------------------

--
-- Tablo için tablo yapısı `poliklinik`
--

CREATE TABLE `poliklinik` (
  `poliklinikID` int(11) NOT NULL,
  `poliklinikName` varchar(255) NOT NULL,
  `poliklinikCityID` tinyint(2) NOT NULL DEFAULT 73,
  `poliklinikHospitalID` int(11) NOT NULL DEFAULT 1,
  `poliklinikStatus` tinyint(1) NOT NULL DEFAULT 1
) ENGINE=InnoDB DEFAULT CHARSET=utf8;

--
-- Tablo döküm verisi `poliklinik`
--

INSERT INTO `poliklinik` (`poliklinikID`, `poliklinikName`, `poliklinikCityID`, `poliklinikHospitalID`, `poliklinikStatus`) VALUES
(15, 'Çocuk Nöroloji', 73, 1, 1),
(28, 'sağlık kurulu', 73, 1, 1),
(29, 'Göz Hastalıkları', 73, 1, 1),
(31, 'kardiyoji', 73, 1, 1),
(32, 'Gastroenteroloji', 73, 1, 1),
(37, 'Nöroloji', 73, 1, 1);

--
-- Tetikleyiciler `poliklinik`
--
DELIMITER $$
CREATE TRIGGER `deleteDoctor` AFTER DELETE ON `poliklinik` FOR EACH ROW DELETE FROM doctors WHERE doctorPoliklinikID = OLD.poliklinikID
$$
DELIMITER ;

-- --------------------------------------------------------

--
-- Tablo için tablo yapısı `randevu`
--

CREATE TABLE `randevu` (
  `randevuID` int(11) NOT NULL,
  `randevuPatientID` int(11) NOT NULL,
  `randevuDate` date NOT NULL,
  `randevuDay` varchar(20) NOT NULL,
  `randevuHour` varchar(10) NOT NULL,
  `randevuBolum` varchar(255) NOT NULL,
  `randevuDoctorID` int(5) NOT NULL,
  `randevuStatus` tinyint(1) NOT NULL DEFAULT 1
) ENGINE=InnoDB DEFAULT CHARSET=utf8;

-- --------------------------------------------------------

--
-- Tablo için tablo yapısı `seans`
--

CREATE TABLE `seans` (
  `seansID` int(11) NOT NULL,
  `seansPoliklinikID` int(11) NOT NULL,
  `seansDoctorID` int(11) NOT NULL,
  `seansDate` date DEFAULT NULL,
  `seansStatus` tinyint(1) NOT NULL DEFAULT 1,
  `seans0900` varchar(2) DEFAULT 'B',
  `seans0920` varchar(2) DEFAULT 'B',
  `seans0940` varchar(2) DEFAULT 'B',
  `seans1000` varchar(2) DEFAULT 'B',
  `seans1020` varchar(2) DEFAULT 'B',
  `seans1040` varchar(2) DEFAULT 'B',
  `seans1100` varchar(2) DEFAULT 'B',
  `seans1120` varchar(2) DEFAULT 'B',
  `seans1140` varchar(2) DEFAULT 'B',
  `seans1330` varchar(2) DEFAULT 'B',
  `seans1350` varchar(2) DEFAULT 'B',
  `seans1410` varchar(2) DEFAULT 'B',
  `seans1430` varchar(2) DEFAULT 'B',
  `seans1450` varchar(2) DEFAULT 'B',
  `seans1510` varchar(2) DEFAULT 'B',
  `seans1530` varchar(2) DEFAULT 'B',
  `seans1550` varchar(2) DEFAULT 'B',
  `seans1610` varchar(2) DEFAULT 'B',
  `seans1630` varchar(2) DEFAULT 'B',
  `seans1650` varchar(2) DEFAULT 'B'
) ENGINE=InnoDB DEFAULT CHARSET=utf8;

--
-- Tablo döküm verisi `seans`
--

INSERT INTO `seans` (`seansID`, `seansPoliklinikID`, `seansDoctorID`, `seansDate`, `seansStatus`, `seans0900`, `seans0920`, `seans0940`, `seans1000`, `seans1020`, `seans1040`, `seans1100`, `seans1120`, `seans1140`, `seans1330`, `seans1350`, `seans1410`, `seans1430`, `seans1450`, `seans1510`, `seans1530`, `seans1550`, `seans1610`, `seans1630`, `seans1650`) VALUES
(125, 24, 46, '2022-12-20', 1, 'B', 'B', 'B', 'B', 'B', 'B', 'B', 'B', 'B', 'B', 'B', 'B', 'B', 'B', 'B', 'B', 'B', 'B', 'B', 'B'),
(126, 24, 46, '2022-12-21', 1, 'B', 'B', 'B', 'B', 'B', 'B', 'B', 'B', 'B', 'B', 'B', 'B', 'B', 'B', 'B', 'B', 'B', 'B', 'B', 'B'),
(127, 24, 46, '2022-12-22', 1, 'B', 'B', 'B', 'B', 'B', 'B', 'B', 'B', 'B', 'B', 'B', 'B', 'B', 'B', 'B', 'B', 'B', 'B', 'B', 'B'),
(128, 24, 46, '2022-12-23', 1, 'B', 'B', 'B', 'B', 'B', 'B', 'B', 'B', 'B', 'B', 'B', 'B', 'B', 'B', 'B', 'B', 'B', 'B', 'B', 'B'),
(129, 24, 46, '2022-12-26', 1, 'B', 'B', 'B', 'B', 'B', 'B', 'B', 'B', 'B', 'B', 'B', 'B', 'B', 'B', 'B', 'B', 'B', 'B', 'B', 'B'),
(130, 24, 46, '2022-12-27', 1, 'B', 'B', 'B', 'B', 'B', 'B', 'B', 'B', 'B', 'B', 'B', 'B', 'B', 'B', 'B', 'B', 'B', 'B', 'B', 'B'),
(131, 24, 46, '2022-12-28', 1, 'B', 'B', 'B', 'B', 'B', 'B', 'B', 'B', 'B', 'B', 'B', 'B', 'B', 'B', 'B', 'B', 'B', 'B', 'B', 'B'),
(132, 24, 46, '2022-12-29', 1, 'B', 'B', 'B', 'B', 'B', 'B', 'B', 'B', 'B', 'B', 'B', 'B', 'B', 'B', 'B', 'B', 'B', 'B', 'B', 'B'),
(133, 24, 46, '2022-12-30', 1, 'B', 'B', 'B', 'B', 'B', 'B', 'B', 'B', 'B', 'B', 'B', 'B', 'B', 'B', 'B', 'B', 'B', 'B', 'B', 'B'),
(166, 29, 55, '2022-12-21', 1, 'B', 'B', 'B', 'B', 'B', 'B', 'B', 'B', 'B', 'B', 'B', 'B', 'B', 'B', 'B', 'B', 'B', 'B', 'B', 'B'),
(168, 29, 55, '2022-12-23', 1, 'B', 'B', 'B', 'B', 'B', 'B', 'B', 'B', 'B', 'B', 'B', 'B', 'B', 'B', 'B', 'B', 'B', 'B', 'B', 'B'),
(169, 29, 55, '2022-12-26', 1, 'B', 'B', 'B', 'B', 'B', 'B', 'B', 'B', 'B', 'B', 'B', 'B', 'B', 'B', 'B', 'B', 'B', 'B', 'B', 'B'),
(170, 29, 55, '2022-12-27', 1, 'B', 'B', 'B', 'B', 'B', 'B', 'B', 'B', 'B', 'B', 'B', 'B', 'B', 'B', 'B', 'B', 'B', 'B', 'B', 'B'),
(171, 29, 55, '2022-12-28', 1, 'B', 'B', 'B', 'B', 'B', 'B', 'B', 'B', 'B', 'B', 'B', 'B', 'B', 'B', 'B', 'B', 'B', 'B', 'B', 'B'),
(172, 29, 55, '2022-12-29', 1, 'B', 'B', 'B', 'B', 'B', 'B', 'B', 'B', 'B', 'B', 'B', 'B', 'B', 'B', 'B', 'B', 'B', 'B', 'B', 'B'),
(173, 29, 55, '2022-12-30', 1, 'B', 'B', 'B', 'B', 'B', 'B', 'B', 'B', 'B', 'B', 'B', 'B', 'B', 'B', 'B', 'B', 'B', 'B', 'B', 'B'),
(176, 31, 56, '2022-12-21', 1, 'B', 'B', 'B', 'B', 'B', 'B', 'B', 'B', 'B', 'B', 'B', 'B', 'B', 'B', 'B', 'B', 'B', 'B', 'B', 'B'),
(178, 31, 56, '2022-12-23', 1, 'B', 'B', 'B', 'B', 'B', 'B', 'B', 'B', 'B', 'B', 'B', 'B', 'B', 'B', 'B', 'B', 'B', 'B', 'B', 'B'),
(179, 31, 56, '2022-12-26', 1, 'B', 'B', 'B', 'B', 'B', 'B', 'B', 'B', 'B', 'B', 'B', 'B', 'B', 'B', 'B', 'B', 'B', 'B', 'B', 'B'),
(180, 31, 56, '2022-12-27', 1, 'B', 'B', 'B', 'B', 'B', 'B', 'B', 'B', 'B', 'B', 'B', 'B', 'B', 'B', 'B', 'B', 'B', 'B', 'B', 'B'),
(181, 31, 56, '2022-12-28', 1, 'B', 'B', 'B', 'B', 'B', 'B', 'B', 'B', 'B', 'B', 'B', 'B', 'B', 'B', 'B', 'B', 'B', 'B', 'B', 'B'),
(182, 31, 56, '2022-12-29', 1, 'B', 'B', 'B', 'B', 'B', 'B', 'B', 'B', 'B', 'B', 'B', 'B', 'B', 'B', 'B', 'B', 'B', 'B', 'B', 'B'),
(183, 31, 56, '2022-12-30', 1, 'B', 'B', 'B', 'B', 'B', 'B', 'B', 'B', 'B', 'B', 'B', 'B', 'B', 'B', 'B', 'B', 'B', 'B', 'B', 'B'),
(186, 29, 57, '2022-12-21', 1, 'B', 'B', 'B', 'B', 'B', 'B', 'B', 'B', 'B', 'B', 'B', 'B', 'B', 'B', 'B', 'B', 'B', 'B', 'B', 'B'),
(188, 29, 57, '2022-12-23', 1, 'B', 'B', 'B', 'B', 'B', 'B', 'B', 'B', 'B', 'B', 'B', 'B', 'B', 'B', 'B', 'B', 'B', 'B', 'B', 'B'),
(189, 29, 57, '2022-12-26', 1, 'B', 'B', 'B', 'B', 'B', 'B', 'B', 'B', 'B', 'B', 'B', 'B', 'B', 'B', 'B', 'B', 'B', 'B', 'B', 'B'),
(190, 29, 57, '2022-12-27', 1, 'B', 'B', 'B', 'B', 'B', 'B', 'B', 'B', 'B', 'B', 'B', 'B', 'B', 'B', 'B', 'B', 'B', 'B', 'B', 'B'),
(191, 29, 57, '2022-12-28', 1, 'B', 'B', 'B', 'B', 'B', 'B', 'B', 'B', 'B', 'B', 'B', 'B', 'B', 'B', 'B', 'B', 'B', 'B', 'B', 'B'),
(192, 29, 57, '2022-12-29', 1, 'B', 'B', 'B', 'B', 'B', 'B', 'B', 'B', 'B', 'B', 'B', 'B', 'B', 'B', 'B', 'B', 'B', 'B', 'B', 'B'),
(193, 29, 57, '2022-12-30', 1, 'B', 'B', 'B', 'B', 'B', 'B', 'B', 'B', 'B', 'B', 'B', 'B', 'B', 'B', 'B', 'B', 'B', 'B', 'B', 'B'),
(217, 24, 46, '2023-01-02', 1, 'B', 'B', 'B', 'B', 'B', 'B', 'B', 'B', 'B', 'B', 'B', 'B', 'B', 'B', 'B', 'B', 'B', 'B', 'B', 'B'),
(221, 29, 55, '2023-01-02', 1, 'B', 'D', 'B', 'B', 'B', 'B', 'B', 'B', 'B', 'B', 'B', 'B', 'B', 'B', 'B', 'B', 'B', 'B', 'B', 'B'),
(222, 31, 56, '2023-01-02', 1, 'B', 'B', 'B', 'D', 'B', 'B', 'B', 'B', 'B', 'B', 'B', 'B', 'B', 'B', 'B', 'B', 'B', 'B', 'B', 'B'),
(223, 29, 57, '2023-01-02', 1, 'B', 'B', 'B', 'B', 'B', 'B', 'B', 'B', 'B', 'B', 'B', 'B', 'B', 'B', 'B', 'B', 'B', 'B', 'B', 'B'),
(226, 28, 60, '2022-12-18', 1, 'B', 'B', 'B', 'B', 'B', 'B', 'B', 'B', 'B', 'B', 'B', 'B', 'B', 'B', 'B', 'B', 'B', 'B', 'B', 'B'),
(229, 28, 60, '2022-12-21', 1, 'B', 'B', 'B', 'B', 'B', 'B', 'B', 'B', 'B', 'B', 'B', 'B', 'B', 'B', 'B', 'B', 'B', 'B', 'B', 'B'),
(231, 28, 60, '2022-12-23', 1, 'B', 'B', 'B', 'B', 'B', 'B', 'B', 'B', 'B', 'B', 'B', 'B', 'B', 'B', 'B', 'B', 'B', 'B', 'B', 'B'),
(232, 28, 60, '2022-12-26', 1, 'B', 'B', 'B', 'B', 'B', 'B', 'B', 'B', 'B', 'B', 'B', 'B', 'B', 'B', 'B', 'B', 'B', 'B', 'B', 'B'),
(233, 28, 60, '2022-12-27', 1, 'B', 'B', 'B', 'B', 'B', 'B', 'B', 'B', 'B', 'B', 'B', 'B', 'B', 'B', 'B', 'B', 'B', 'B', 'B', 'B'),
(234, 28, 60, '2022-12-28', 1, 'B', 'B', 'B', 'B', 'B', 'B', 'B', 'B', 'B', 'B', 'B', 'B', 'B', 'B', 'B', 'B', 'B', 'B', 'B', 'B'),
(235, 28, 60, '2022-12-29', 1, 'B', 'B', 'B', 'B', 'B', 'B', 'B', 'B', 'B', 'B', 'B', 'B', 'B', 'B', 'B', 'B', 'B', 'B', 'B', 'B'),
(236, 28, 60, '2022-12-30', 1, 'B', 'B', 'B', 'B', 'B', 'B', 'B', 'B', 'B', 'B', 'B', 'B', 'B', 'B', 'B', 'B', 'B', 'B', 'B', 'B'),
(237, 28, 60, '2023-01-02', 1, 'B', 'B', 'B', 'B', 'B', 'B', 'B', 'B', 'B', 'B', 'B', 'B', 'B', 'B', 'B', 'B', 'B', 'B', 'B', 'B'),
(238, 31, 61, '2022-12-18', 1, 'D', 'B', 'D', 'D', 'B', 'B', 'B', 'B', 'B', 'B', 'B', 'B', 'B', 'B', 'B', 'B', 'B', 'B', 'B', 'B'),
(241, 31, 61, '2022-12-21', 1, 'B', 'B', 'B', 'B', 'B', 'B', 'B', 'B', 'B', 'B', 'B', 'B', 'B', 'B', 'B', 'B', 'B', 'B', 'B', 'B'),
(243, 31, 61, '2022-12-23', 1, 'B', 'B', 'B', 'B', 'B', 'B', 'B', 'B', 'B', 'B', 'B', 'B', 'B', 'B', 'B', 'B', 'B', 'B', 'B', 'B'),
(244, 31, 61, '2022-12-26', 1, 'B', 'B', 'B', 'B', 'B', 'B', 'B', 'B', 'B', 'B', 'B', 'B', 'B', 'B', 'B', 'B', 'B', 'B', 'B', 'B'),
(245, 31, 61, '2022-12-27', 1, 'B', 'B', 'B', 'B', 'B', 'B', 'B', 'B', 'B', 'B', 'B', 'B', 'B', 'B', 'B', 'B', 'B', 'B', 'B', 'B'),
(246, 31, 61, '2022-12-28', 1, 'B', 'B', 'B', 'B', 'B', 'B', 'B', 'B', 'B', 'B', 'B', 'B', 'B', 'B', 'B', 'B', 'B', 'B', 'B', 'B'),
(247, 31, 61, '2022-12-29', 1, 'B', 'B', 'B', 'B', 'B', 'B', 'B', 'B', 'B', 'B', 'B', 'B', 'B', 'B', 'B', 'B', 'B', 'B', 'B', 'B'),
(248, 31, 61, '2022-12-30', 1, 'B', 'B', 'B', 'B', 'B', 'B', 'B', 'B', 'B', 'B', 'B', 'B', 'B', 'B', 'B', 'B', 'B', 'B', 'B', 'B'),
(249, 31, 61, '2023-01-02', 1, 'B', 'B', 'B', 'B', 'B', 'B', 'B', 'B', 'B', 'B', 'B', 'B', 'B', 'B', 'B', 'B', 'B', 'B', 'B', 'B'),
(252, 15, 49, '2022-12-21', 1, 'B', 'B', 'B', 'B', 'B', 'B', 'B', 'B', 'B', 'B', 'B', 'B', 'B', 'B', 'B', 'B', 'B', 'B', 'B', 'B'),
(254, 15, 49, '2022-12-23', 1, 'B', 'B', 'B', 'B', 'B', 'B', 'B', 'B', 'B', 'B', 'B', 'B', 'B', 'B', 'B', 'B', 'B', 'B', 'B', 'B'),
(255, 15, 49, '2022-12-26', 1, 'B', 'B', 'B', 'B', 'B', 'B', 'B', 'B', 'B', 'B', 'B', 'B', 'B', 'B', 'B', 'B', 'B', 'B', 'B', 'B'),
(256, 15, 49, '2022-12-27', 1, 'B', 'B', 'B', 'B', 'B', 'B', 'B', 'B', 'B', 'B', 'B', 'B', 'B', 'B', 'B', 'B', 'B', 'B', 'B', 'B'),
(257, 15, 49, '2022-12-28', 1, 'B', 'B', 'B', 'B', 'B', 'B', 'B', 'B', 'B', 'B', 'B', 'B', 'B', 'B', 'B', 'B', 'B', 'B', 'B', 'B'),
(258, 15, 49, '2022-12-29', 1, 'B', 'B', 'B', 'B', 'B', 'B', 'B', 'B', 'B', 'B', 'B', 'B', 'B', 'B', 'B', 'B', 'B', 'B', 'B', 'B'),
(259, 15, 49, '2022-12-30', 1, 'B', 'B', 'B', 'B', 'B', 'B', 'B', 'B', 'B', 'B', 'B', 'B', 'B', 'B', 'B', 'B', 'B', 'B', 'B', 'B'),
(260, 15, 49, '2023-01-02', 1, 'B', 'D', 'B', 'B', 'B', 'B', 'B', 'B', 'B', 'B', 'B', 'B', 'B', 'B', 'B', 'B', 'B', 'B', 'B', 'B'),
(264, 24, 46, '2023-01-03', 1, 'B', 'B', 'B', 'B', 'B', 'B', 'B', 'B', 'B', 'B', 'B', 'B', 'B', 'B', 'B', 'B', 'B', 'B', 'B', 'B'),
(266, 15, 49, '2023-01-03', 1, 'B', 'B', 'B', 'B', 'B', 'B', 'B', 'B', 'B', 'B', 'B', 'B', 'B', 'B', 'B', 'B', 'B', 'B', 'B', 'B'),
(269, 29, 55, '2023-01-03', 1, 'B', 'B', 'B', 'B', 'B', 'B', 'B', 'B', 'B', 'B', 'B', 'B', 'B', 'B', 'B', 'B', 'B', 'B', 'B', 'B'),
(270, 31, 56, '2023-01-03', 1, 'B', 'B', 'B', 'B', 'B', 'B', 'B', 'B', 'B', 'B', 'B', 'B', 'B', 'B', 'B', 'B', 'B', 'B', 'B', 'B'),
(271, 29, 57, '2023-01-03', 1, 'B', 'B', 'B', 'B', 'B', 'B', 'B', 'B', 'B', 'B', 'B', 'B', 'B', 'B', 'B', 'B', 'B', 'B', 'B', 'B'),
(274, 28, 60, '2023-01-03', 1, 'B', 'B', 'B', 'B', 'B', 'B', 'B', 'B', 'B', 'B', 'B', 'B', 'B', 'B', 'B', 'B', 'B', 'B', 'B', 'B'),
(275, 31, 61, '2023-01-03', 1, 'B', 'B', 'B', 'B', 'B', 'B', 'B', 'B', 'B', 'B', 'B', 'B', 'B', 'B', 'B', 'B', 'B', 'B', 'B', 'B'),
(277, 32, 62, '2022-12-21', 1, 'B', 'B', 'B', 'B', 'B', 'B', 'B', 'B', 'B', 'B', 'B', 'B', 'B', 'B', 'B', 'B', 'B', 'B', 'B', 'B'),
(279, 32, 62, '2022-12-23', 1, 'B', 'B', 'B', 'B', 'B', 'B', 'B', 'B', 'B', 'B', 'B', 'B', 'B', 'B', 'B', 'B', 'B', 'B', 'B', 'B'),
(280, 32, 62, '2022-12-26', 1, 'B', 'B', 'B', 'B', 'B', 'B', 'B', 'B', 'B', 'B', 'B', 'B', 'B', 'B', 'B', 'B', 'B', 'B', 'B', 'B'),
(281, 32, 62, '2022-12-27', 1, 'B', 'B', 'B', 'B', 'B', 'B', 'B', 'B', 'B', 'B', 'B', 'B', 'B', 'B', 'B', 'B', 'B', 'B', 'B', 'B'),
(282, 32, 62, '2022-12-28', 1, 'B', 'B', 'B', 'B', 'B', 'B', 'B', 'B', 'B', 'B', 'B', 'B', 'B', 'B', 'B', 'B', 'B', 'B', 'B', 'B'),
(283, 32, 62, '2022-12-29', 1, 'B', 'B', 'B', 'B', 'B', 'B', 'B', 'B', 'B', 'B', 'B', 'B', 'B', 'B', 'B', 'B', 'B', 'B', 'B', 'B'),
(284, 32, 62, '2022-12-30', 1, 'B', 'B', 'B', 'B', 'B', 'B', 'B', 'B', 'B', 'B', 'B', 'B', 'B', 'B', 'B', 'B', 'B', 'B', 'B', 'B'),
(285, 32, 62, '2023-01-02', 1, 'B', 'B', 'B', 'B', 'B', 'B', 'B', 'B', 'B', 'B', 'B', 'B', 'B', 'B', 'B', 'B', 'B', 'B', 'B', 'B'),
(286, 32, 62, '2023-01-03', 1, 'B', 'B', 'B', 'B', 'B', 'B', 'B', 'B', 'B', 'B', 'B', 'B', 'B', 'B', 'B', 'B', 'B', 'B', 'B', 'B'),
(288, 29, 63, '2022-12-21', 1, 'B', 'B', 'B', 'B', 'B', 'B', 'B', 'B', 'B', 'B', 'B', 'B', 'B', 'B', 'B', 'B', 'B', 'B', 'B', 'B'),
(290, 29, 63, '2022-12-23', 1, 'B', 'B', 'B', 'B', 'B', 'B', 'B', 'B', 'B', 'B', 'B', 'B', 'B', 'B', 'B', 'B', 'B', 'B', 'B', 'B'),
(291, 29, 63, '2022-12-26', 1, 'B', 'B', 'B', 'B', 'B', 'B', 'B', 'B', 'B', 'B', 'B', 'B', 'B', 'B', 'B', 'B', 'B', 'B', 'B', 'B'),
(292, 29, 63, '2022-12-27', 1, 'B', 'B', 'B', 'B', 'B', 'B', 'B', 'B', 'B', 'B', 'B', 'B', 'B', 'B', 'B', 'B', 'B', 'B', 'B', 'B'),
(293, 29, 63, '2022-12-28', 1, 'B', 'B', 'B', 'B', 'B', 'B', 'B', 'B', 'B', 'B', 'B', 'B', 'B', 'B', 'B', 'B', 'B', 'B', 'B', 'B'),
(294, 29, 63, '2022-12-29', 1, 'B', 'B', 'B', 'B', 'B', 'B', 'B', 'B', 'B', 'B', 'B', 'B', 'B', 'B', 'B', 'B', 'B', 'B', 'B', 'B'),
(295, 29, 63, '2022-12-30', 1, 'B', 'B', 'B', 'B', 'B', 'B', 'B', 'B', 'B', 'B', 'B', 'B', 'B', 'B', 'B', 'B', 'B', 'B', 'B', 'B'),
(296, 29, 63, '2023-01-02', 1, 'B', 'B', 'B', 'B', 'B', 'B', 'B', 'B', 'B', 'B', 'B', 'B', 'B', 'B', 'B', 'B', 'B', 'B', 'B', 'B'),
(297, 29, 63, '2023-01-03', 1, 'B', 'B', 'B', 'B', 'B', 'B', 'B', 'B', 'B', 'B', 'B', 'B', 'B', 'B', 'B', 'B', 'B', 'B', 'B', 'B'),
(309, 35, 65, '2022-12-20', 1, 'B', 'B', 'B', 'B', 'B', 'B', 'B', 'B', 'B', 'B', 'B', 'B', 'B', 'B', 'B', 'B', 'B', 'B', 'B', 'B'),
(310, 35, 65, '2022-12-21', 1, 'B', 'B', 'B', 'B', 'B', 'B', 'B', 'B', 'B', 'B', 'B', 'B', 'B', 'B', 'B', 'B', 'B', 'B', 'B', 'B'),
(311, 35, 65, '2022-12-22', 1, 'B', 'B', 'B', 'B', 'B', 'B', 'B', 'B', 'B', 'B', 'B', 'B', 'B', 'B', 'B', 'B', 'B', 'B', 'B', 'B'),
(312, 35, 65, '2022-12-23', 1, 'B', 'B', 'B', 'B', 'B', 'B', 'B', 'B', 'B', 'B', 'B', 'B', 'B', 'B', 'B', 'B', 'B', 'B', 'B', 'B'),
(313, 35, 65, '2022-12-26', 1, 'B', 'B', 'B', 'B', 'B', 'B', 'B', 'B', 'B', 'B', 'B', 'B', 'B', 'B', 'B', 'B', 'B', 'B', 'B', 'B'),
(314, 35, 65, '2022-12-27', 1, 'B', 'B', 'B', 'B', 'B', 'B', 'B', 'B', 'B', 'B', 'B', 'B', 'B', 'B', 'B', 'B', 'B', 'B', 'B', 'B'),
(315, 35, 65, '2022-12-28', 1, 'B', 'B', 'B', 'B', 'B', 'B', 'B', 'B', 'B', 'B', 'B', 'B', 'B', 'B', 'B', 'B', 'B', 'B', 'B', 'B'),
(316, 35, 65, '2022-12-29', 1, 'B', 'B', 'B', 'B', 'B', 'B', 'B', 'B', 'B', 'B', 'B', 'B', 'B', 'B', 'B', 'B', 'B', 'B', 'B', 'B'),
(317, 35, 65, '2022-12-30', 1, 'B', 'B', 'B', 'B', 'B', 'B', 'B', 'B', 'B', 'B', 'B', 'B', 'B', 'B', 'B', 'B', 'B', 'B', 'B', 'B'),
(318, 35, 65, '2023-01-02', 1, 'B', 'B', 'B', 'B', 'B', 'B', 'B', 'B', 'B', 'B', 'B', 'B', 'B', 'B', 'B', 'B', 'B', 'B', 'B', 'B'),
(319, 35, 65, '2023-01-03', 1, 'B', 'B', 'B', 'B', 'B', 'B', 'B', 'B', 'B', 'B', 'B', 'B', 'B', 'B', 'B', 'B', 'B', 'B', 'B', 'B'),
(332, 32, 66, '2022-12-21', 1, 'B', 'B', 'B', 'B', 'B', 'B', 'B', 'B', 'B', 'B', 'B', 'B', 'B', 'B', 'B', 'B', 'B', 'B', 'B', 'B'),
(334, 32, 66, '2022-12-23', 1, 'B', 'B', 'B', 'B', 'B', 'B', 'B', 'B', 'B', 'B', 'B', 'B', 'B', 'B', 'B', 'B', 'B', 'B', 'B', 'B'),
(335, 32, 66, '2022-12-26', 1, 'B', 'B', 'B', 'B', 'B', 'B', 'B', 'B', 'B', 'B', 'B', 'B', 'B', 'B', 'B', 'B', 'B', 'B', 'B', 'B'),
(336, 32, 66, '2022-12-27', 1, 'B', 'B', 'B', 'B', 'B', 'B', 'B', 'B', 'B', 'B', 'B', 'B', 'B', 'B', 'B', 'B', 'B', 'B', 'B', 'B'),
(337, 32, 66, '2022-12-28', 1, 'B', 'B', 'B', 'B', 'B', 'B', 'B', 'B', 'B', 'B', 'B', 'B', 'B', 'B', 'B', 'B', 'B', 'B', 'B', 'B'),
(338, 32, 66, '2022-12-29', 1, 'B', 'B', 'B', 'B', 'B', 'B', 'B', 'B', 'B', 'B', 'B', 'B', 'B', 'B', 'B', 'B', 'B', 'B', 'B', 'B'),
(339, 32, 66, '2022-12-30', 1, 'B', 'B', 'B', 'B', 'B', 'B', 'B', 'B', 'B', 'B', 'B', 'B', 'B', 'B', 'B', 'B', 'B', 'B', 'B', 'B'),
(340, 32, 66, '2023-01-02', 1, 'B', 'B', 'B', 'B', 'B', 'B', 'B', 'B', 'B', 'B', 'B', 'B', 'B', 'B', 'B', 'B', 'B', 'B', 'B', 'B'),
(341, 32, 66, '2023-01-03', 1, 'B', 'B', 'B', 'B', 'B', 'B', 'B', 'B', 'B', 'B', 'B', 'B', 'B', 'B', 'B', 'B', 'B', 'B', 'B', 'B'),
(342, 15, 49, '2023-01-04', 1, 'B', 'B', 'B', 'B', 'B', 'B', 'B', 'B', 'B', 'B', 'B', 'B', 'B', 'B', 'B', 'B', 'B', 'B', 'B', 'B'),
(343, 29, 55, '2023-01-04', 1, 'B', 'B', 'B', 'B', 'B', 'B', 'B', 'B', 'B', 'B', 'B', 'B', 'B', 'B', 'B', 'B', 'B', 'B', 'B', 'B'),
(344, 31, 56, '2023-01-04', 1, 'B', 'B', 'B', 'B', 'B', 'B', 'B', 'B', 'B', 'B', 'B', 'B', 'B', 'B', 'B', 'B', 'B', 'B', 'B', 'B'),
(345, 29, 57, '2023-01-04', 1, 'B', 'B', 'B', 'B', 'B', 'B', 'B', 'B', 'B', 'B', 'B', 'B', 'B', 'B', 'B', 'B', 'B', 'B', 'B', 'B'),
(347, 28, 60, '2023-01-04', 1, 'B', 'B', 'B', 'B', 'B', 'B', 'B', 'B', 'B', 'B', 'B', 'B', 'B', 'B', 'B', 'B', 'B', 'B', 'B', 'B'),
(348, 31, 61, '2023-01-04', 1, 'B', 'B', 'B', 'B', 'B', 'B', 'B', 'B', 'B', 'B', 'B', 'B', 'B', 'B', 'B', 'B', 'B', 'B', 'B', 'B'),
(349, 32, 62, '2023-01-04', 1, 'B', 'B', 'B', 'B', 'B', 'B', 'B', 'B', 'B', 'B', 'B', 'B', 'B', 'B', 'B', 'B', 'B', 'B', 'B', 'B'),
(350, 29, 63, '2023-01-04', 1, 'B', 'B', 'B', 'B', 'B', 'B', 'B', 'B', 'B', 'B', 'B', 'B', 'B', 'B', 'B', 'B', 'B', 'B', 'B', 'B'),
(351, 32, 66, '2023-01-04', 1, 'B', 'B', 'B', 'B', 'B', 'B', 'B', 'B', 'B', 'B', 'B', 'B', 'B', 'B', 'B', 'B', 'B', 'B', 'B', 'B'),
(352, 15, 49, '2023-01-05', 1, 'B', 'B', 'B', 'B', 'B', 'B', 'B', 'B', 'B', 'B', 'B', 'B', 'B', 'B', 'B', 'B', 'B', 'B', 'B', 'B'),
(353, 29, 55, '2023-01-05', 1, 'B', 'B', 'B', 'B', 'B', 'B', 'B', 'B', 'B', 'B', 'B', 'B', 'B', 'B', 'B', 'B', 'B', 'B', 'B', 'B'),
(354, 31, 56, '2023-01-05', 1, 'B', 'B', 'B', 'B', 'B', 'B', 'B', 'B', 'B', 'B', 'B', 'B', 'B', 'B', 'B', 'B', 'B', 'B', 'B', 'B'),
(355, 29, 57, '2023-01-05', 1, 'B', 'B', 'B', 'B', 'B', 'B', 'B', 'B', 'B', 'B', 'B', 'B', 'B', 'B', 'B', 'B', 'B', 'B', 'B', 'B'),
(357, 28, 60, '2023-01-05', 1, 'B', 'B', 'B', 'B', 'B', 'B', 'B', 'B', 'B', 'B', 'B', 'B', 'B', 'B', 'B', 'B', 'B', 'B', 'B', 'B'),
(358, 31, 61, '2023-01-05', 1, 'B', 'B', 'B', 'B', 'B', 'B', 'B', 'B', 'B', 'B', 'B', 'B', 'B', 'B', 'B', 'B', 'B', 'B', 'B', 'B'),
(359, 32, 62, '2023-01-05', 1, 'B', 'B', 'B', 'B', 'B', 'B', 'B', 'B', 'B', 'B', 'B', 'B', 'B', 'B', 'B', 'B', 'B', 'B', 'B', 'B'),
(360, 29, 63, '2023-01-05', 1, 'B', 'B', 'B', 'B', 'B', 'B', 'B', 'B', 'B', 'B', 'B', 'B', 'B', 'B', 'B', 'B', 'B', 'B', 'B', 'B'),
(361, 32, 66, '2023-01-05', 1, 'B', 'B', 'B', 'B', 'B', 'B', 'B', 'B', 'B', 'B', 'B', 'B', 'B', 'B', 'B', 'B', 'B', 'B', 'B', 'B'),
(363, 37, 67, '2022-12-23', 1, 'B', 'B', 'B', 'B', 'B', 'B', 'B', 'B', 'B', 'B', 'B', 'B', 'B', 'B', 'B', 'B', 'B', 'B', 'B', 'B'),
(364, 37, 67, '2022-12-26', 1, 'B', 'B', 'B', 'B', 'B', 'B', 'B', 'B', 'B', 'B', 'B', 'B', 'B', 'B', 'B', 'B', 'B', 'B', 'B', 'B'),
(365, 37, 67, '2022-12-27', 1, 'B', 'B', 'B', 'B', 'B', 'B', 'B', 'B', 'B', 'B', 'B', 'B', 'B', 'B', 'B', 'B', 'B', 'B', 'B', 'B'),
(366, 37, 67, '2022-12-28', 1, 'B', 'B', 'B', 'B', 'B', 'B', 'B', 'B', 'B', 'B', 'B', 'B', 'B', 'B', 'B', 'B', 'B', 'B', 'B', 'B'),
(367, 37, 67, '2022-12-29', 1, 'B', 'B', 'B', 'B', 'B', 'B', 'B', 'B', 'B', 'B', 'B', 'B', 'B', 'B', 'B', 'B', 'B', 'B', 'B', 'B'),
(368, 37, 67, '2022-12-30', 1, 'B', 'B', 'B', 'B', 'B', 'B', 'B', 'B', 'B', 'B', 'B', 'B', 'B', 'B', 'B', 'B', 'B', 'B', 'B', 'B'),
(369, 37, 67, '2023-01-02', 1, 'B', 'B', 'B', 'B', 'B', 'B', 'B', 'B', 'B', 'B', 'B', 'B', 'B', 'B', 'B', 'B', 'B', 'B', 'B', 'B'),
(370, 37, 67, '2023-01-03', 1, 'B', 'B', 'B', 'B', 'B', 'B', 'B', 'B', 'B', 'B', 'B', 'B', 'B', 'B', 'B', 'B', 'B', 'B', 'B', 'B'),
(371, 37, 67, '2023-01-04', 1, 'B', 'B', 'B', 'B', 'B', 'B', 'B', 'B', 'B', 'B', 'B', 'B', 'B', 'B', 'B', 'B', 'B', 'B', 'B', 'B'),
(372, 37, 67, '2023-01-05', 1, 'B', 'B', 'B', 'B', 'B', 'B', 'B', 'B', 'B', 'B', 'B', 'B', 'B', 'B', 'B', 'B', 'B', 'B', 'B', 'B'),
(373, 15, 49, '2023-01-06', 1, 'B', 'B', 'B', 'B', 'B', 'B', 'B', 'B', 'B', 'B', 'B', 'B', 'B', 'B', 'B', 'B', 'B', 'B', 'B', 'B'),
(374, 29, 55, '2023-01-06', 1, 'B', 'B', 'B', 'B', 'B', 'B', 'B', 'B', 'B', 'B', 'B', 'B', 'B', 'B', 'B', 'B', 'B', 'B', 'B', 'B'),
(375, 31, 56, '2023-01-06', 1, 'B', 'B', 'B', 'B', 'B', 'B', 'B', 'B', 'B', 'B', 'B', 'B', 'B', 'B', 'B', 'B', 'B', 'B', 'B', 'B'),
(376, 29, 57, '2023-01-06', 1, 'B', 'B', 'B', 'B', 'B', 'B', 'B', 'B', 'B', 'B', 'B', 'B', 'B', 'B', 'B', 'B', 'B', 'B', 'B', 'B'),
(377, 28, 60, '2023-01-06', 1, 'B', 'B', 'B', 'B', 'B', 'B', 'B', 'B', 'B', 'B', 'B', 'B', 'B', 'B', 'B', 'B', 'B', 'B', 'B', 'B'),
(378, 31, 61, '2023-01-06', 1, 'B', 'B', 'B', 'B', 'B', 'B', 'B', 'B', 'B', 'B', 'B', 'B', 'B', 'B', 'B', 'B', 'B', 'B', 'B', 'B'),
(379, 32, 62, '2023-01-06', 1, 'B', 'B', 'B', 'B', 'B', 'B', 'B', 'B', 'B', 'B', 'B', 'B', 'B', 'B', 'B', 'B', 'B', 'B', 'B', 'B'),
(380, 29, 63, '2023-01-06', 1, 'B', 'B', 'B', 'B', 'B', 'B', 'B', 'B', 'B', 'B', 'B', 'B', 'B', 'B', 'B', 'B', 'B', 'B', 'B', 'B'),
(381, 32, 66, '2023-01-06', 1, 'B', 'B', 'B', 'B', 'B', 'B', 'B', 'B', 'B', 'B', 'B', 'B', 'B', 'B', 'B', 'B', 'B', 'B', 'B', 'B'),
(382, 37, 67, '2023-01-06', 1, 'B', 'B', 'B', 'B', 'B', 'B', 'B', 'B', 'B', 'B', 'B', 'B', 'B', 'B', 'B', 'B', 'B', 'B', 'B', 'B');

-- --------------------------------------------------------

--
-- Tablo için tablo yapısı `settings`
--

CREATE TABLE `settings` (
  `settingID` int(11) NOT NULL,
  `settingTitle` varchar(255) NOT NULL,
  `settingHospitalName` varchar(250) NOT NULL,
  `settingDescription` text NOT NULL,
  `settingKeyword` varchar(255) NOT NULL,
  `settingAuthor` varchar(255) NOT NULL,
  `settingUrl` varchar(255) NOT NULL,
  `settingHost` varchar(255) NOT NULL
) ENGINE=InnoDB DEFAULT CHARSET=utf8;

--
-- Tablo döküm verisi `settings`
--

INSERT INTO `settings` (`settingID`, `settingTitle`, `settingHospitalName`, `settingDescription`, `settingKeyword`, `settingAuthor`, `settingUrl`, `settingHost`) VALUES
(1, 'Hastane Randevu Sistemi', 'Kendali Hastanesi', 'Online Hastane Randevu Sistemi,online  randevu alınabilir ve iptal edilebilir', 'php, mysql, ajax, json, html, css, javascript, randevu, hastane, online, 182, özel hastane', 'Sinan Şimşek', 'http://localhost/AYU_PROJE1/', 'http://localhost/AYU_PROJE1/');

-- --------------------------------------------------------

--
-- Tablo için tablo yapısı `towns`
--

CREATE TABLE `towns` (
  `townID` int(11) NOT NULL,
  `townName` varchar(255) CHARACTER SET utf8 NOT NULL,
  `cityID` int(11) NOT NULL
) ENGINE=InnoDB DEFAULT CHARSET=utf8mb4;

--
-- Tablo döküm verisi `towns`
--

INSERT INTO `towns` (`townID`, `townName`, `cityID`) VALUES
(1, 'ALADAĞ', 1),
(2, 'CEYHAN', 1),
(3, 'ÇUKUROVA', 1),
(4, 'FEKE', 1),
(5, 'İMAMOĞLU', 1),
(6, 'KARAİSALI', 1),
(7, 'KARATAŞ', 1),
(8, 'KOZAN', 1),
(9, 'POZANTI', 1),
(10, 'SAİMBEYLİ', 1),
(11, 'SARIÇAM', 1),
(12, 'SEYHAN', 1),
(13, 'TUFANBEYLİ', 1),
(14, 'YUMURTALIK', 1),
(15, 'YÜREĞİR', 1),
(16, 'BESNİ', 2),
(17, 'ÇELİKHAN', 2),
(18, 'GERGER', 2),
(19, 'GÖLBAŞI', 2),
(20, 'KAHTA', 2),
(21, 'MERKEZ', 2),
(22, 'SAMSAT', 2),
(23, 'SİNCİK', 2),
(24, 'TUT', 2),
(25, 'BESNİ', 2),
(26, 'ÇELİKHAN', 2),
(27, 'GERGER', 2),
(28, 'GÖLBAŞI', 2),
(29, 'KAHTA', 2),
(30, 'MERKEZ', 2),
(31, 'SAMSAT', 2),
(32, 'SİNCİK', 2),
(33, 'TUT', 2),
(34, 'BAŞMAKÇI', 3),
(35, 'BAYAT', 3),
(36, 'BOLVADİN', 3),
(37, 'ÇAY', 3),
(38, 'ÇOBANLAR', 3),
(39, 'DAZKIRI', 3),
(40, 'DİNAR', 3),
(41, 'EMİRDAĞ', 3),
(42, 'EVCİLER', 3),
(43, 'HOCALAR', 3),
(44, 'İHSANİYE', 3),
(45, 'İSCEHİSAR', 3),
(46, 'KIZILÖREN', 3),
(47, 'MERKEZ', 3),
(48, 'SANDIKLI', 3),
(49, 'SİNANPAŞA', 3),
(50, 'SULTANDAĞI', 3),
(51, 'ŞUHUT', 3),
(52, 'DİYADİN', 4),
(53, 'DOĞUBAYAZIT', 4),
(54, 'ELEŞKİRT', 4),
(55, 'HAMUR', 4),
(56, 'MERKEZ', 4),
(57, 'PATNOS', 4),
(58, 'TAŞLIÇAY', 4),
(59, 'TUTAK', 4),
(60, 'AĞAÇÖREN', 68),
(61, 'ESKİL', 68),
(62, 'GÜLAĞAÇ', 68),
(63, 'GÜZELYURT', 68),
(64, 'MERKEZ', 68),
(65, 'ORTAKÖY', 68),
(66, 'SARIYAHŞİ', 68),
(67, 'SULTANHANI', 68),
(68, 'GÖYNÜCEK', 5),
(69, 'GÜMÜŞHACIKÖY', 5),
(70, 'HAMAMÖZÜ', 5),
(71, 'MERKEZ', 5),
(72, 'MERZİFON', 5),
(73, 'SULUOVA', 5),
(74, 'TAŞOVA', 5),
(75, 'AKYURT', 6),
(76, 'ALTINDAĞ', 6),
(77, 'AYAŞ', 6),
(78, 'BALA', 6),
(79, 'BEYPAZARI', 6),
(80, 'ÇAMLIDERE', 6),
(81, 'ÇANKAYA', 6),
(82, 'ÇUBUK', 6),
(83, 'ELMADAĞ', 6),
(84, 'ETİMESGUT', 6),
(85, 'EVREN', 6),
(86, 'GÖLBAŞI', 6),
(87, 'GÜDÜL', 6),
(88, 'HAYMANA', 6),
(89, 'KAHRAMANKAZAN', 6),
(90, 'KALECİK', 6),
(91, 'KEÇİÖREN', 6),
(92, 'KIZILCAHAMAM', 6),
(93, 'MAMAK', 6),
(94, 'NALLIHAN', 6),
(95, 'POLATLI', 6),
(96, 'PURSAKLAR', 6),
(97, 'SİNCAN', 6),
(98, 'ŞEREFLİKOÇHİSAR', 6),
(99, 'YENİMAHALLE', 6),
(100, 'AKSEKİ', 7),
(101, 'AKSU', 7),
(102, 'ALANYA', 7),
(103, 'DEMRE', 7),
(104, 'DÖŞEMEALTI', 7),
(105, 'ELMALI', 7),
(106, 'FİNİKE', 7),
(107, 'GAZİPAŞA', 7),
(108, 'GÜNDOĞMUŞ', 7),
(109, 'İBRADI', 7),
(110, 'KAŞ', 7),
(111, 'KEMER', 7),
(112, 'KEPEZ', 7),
(113, 'KONYAALTI', 7),
(114, 'KORKUTELİ', 7),
(115, 'KUMLUCA', 7),
(116, 'MANAVGAT', 7),
(117, 'MURATPAŞA', 7),
(118, 'SERİK', 7),
(119, 'ÇILDIR', 75),
(120, 'DAMAL', 75),
(121, 'GÖLE', 75),
(122, 'HANAK', 75),
(123, 'MERKEZ', 75),
(124, 'POSOF', 75),
(125, 'ARDANUÇ', 8),
(126, 'ARHAVİ', 8),
(127, 'BORÇKA', 8),
(128, 'HOPA', 8),
(129, 'KEMALPAŞA', 8),
(130, 'MERKEZ', 8),
(131, 'MURGUL', 8),
(132, 'ŞAVŞAT', 8),
(133, 'YUSUFELİ', 8),
(134, 'BOZDOĞAN', 9),
(135, 'BUHARKENT', 9),
(136, 'ÇİNE', 9),
(137, 'DİDİM', 9),
(138, 'EFELER', 9),
(139, 'GERMENCİK', 9),
(140, 'İNCİRLİOVA', 9),
(141, 'KARACASU', 9),
(142, 'KARPUZLU', 9),
(143, 'KOÇARLI', 9),
(144, 'KÖŞK', 9),
(145, 'KUŞADASI', 9),
(146, 'KUYUCAK', 9),
(147, 'NAZİLLİ', 9),
(148, 'SÖKE', 9),
(149, 'SULTANHİSAR', 9),
(150, 'YENİPAZAR', 9),
(151, 'ALTIEYLÜL', 10),
(152, 'AYVALIK', 10),
(153, 'BALYA', 10),
(154, 'BANDIRMA', 10),
(155, 'BİGADİÇ', 10),
(156, 'BURHANİYE', 10),
(157, 'DURSUNBEY', 10),
(158, 'EDREMİT', 10),
(159, 'ERDEK', 10),
(160, 'GÖMEÇ', 10),
(161, 'GÖNEN', 10),
(162, 'HAVRAN', 10),
(163, 'İVRİNDİ', 10),
(164, 'KARESİ', 10),
(165, 'KEPSUT', 10),
(166, 'MANYAS', 10),
(167, 'MARMARA', 10),
(168, 'SAVAŞTEPE', 10),
(169, 'SINDIRGI', 10),
(170, 'SUSURLUK', 10),
(171, 'AMASRA', 74),
(172, 'KURUCAŞİLE', 74),
(173, 'MERKEZ', 74),
(174, 'ULUS', 74),
(175, 'BEŞİRİ', 72),
(176, 'GERCÜŞ', 72),
(177, 'HASANKEYF', 72),
(178, 'KOZLUK', 72),
(179, 'MERKEZ', 72),
(180, 'SASON', 72),
(181, 'AYDINTEPE', 69),
(182, 'DEMİRÖZÜ', 69),
(183, 'MERKEZ', 69),
(184, 'BOZÜYÜK', 11),
(185, 'GÖLPAZARI', 11),
(186, 'İNHİSAR', 11),
(187, 'MERKEZ', 11),
(188, 'OSMANELİ', 11),
(189, 'PAZARYERİ', 11),
(190, 'SÖĞÜT', 11),
(191, 'YENİPAZAR', 11),
(192, 'ADAKLI', 12),
(193, 'GENÇ', 12),
(194, 'KARLIOVA', 12),
(195, 'KİĞI', 12),
(196, 'MERKEZ', 12),
(197, 'SOLHAN', 12),
(198, 'YAYLADERE', 12),
(199, 'YEDİSU', 12),
(200, 'ADİLCEVAZ', 13),
(201, 'AHLAT', 13),
(202, 'GÜROYMAK', 13),
(203, 'HİZAN', 13),
(204, 'MERKEZ', 13),
(205, 'MUTKİ', 13),
(206, 'TATVAN', 13),
(207, 'DÖRTDİVAN', 14),
(208, 'GEREDE', 14),
(209, 'GÖYNÜK', 14),
(210, 'KIBRISCIK', 14),
(211, 'MENGEN', 14),
(212, 'MERKEZ', 14),
(213, 'MUDURNU', 14),
(214, 'SEBEN', 14),
(215, 'YENİÇAĞA', 14),
(216, 'AĞLASUN', 15),
(217, 'ALTINYAYLA', 15),
(218, 'BUCAK', 15),
(219, 'ÇAVDIR', 15),
(220, 'ÇELTİKÇİ', 15),
(221, 'GÖLHİSAR', 15),
(222, 'KARAMANLI', 15),
(223, 'KEMER', 15),
(224, 'MERKEZ', 15),
(225, 'TEFENNİ', 15),
(226, 'YEŞİLOVA', 15),
(227, 'BÜYÜKORHAN', 16),
(228, 'GEMLİK', 16),
(229, 'GÜRSU', 16),
(230, 'HARMANCIK', 16),
(231, 'İNEGÖL', 16),
(232, 'İZNİK', 16),
(233, 'KARACABEY', 16),
(234, 'KELES', 16),
(235, 'KESTEL', 16),
(236, 'MUDANYA', 16),
(237, 'MUSTAFAKEMALPAŞA', 16),
(238, 'NİLÜFER', 16),
(239, 'ORHANELİ', 16),
(240, 'ORHANGAZİ', 16),
(241, 'OSMANGAZİ', 16),
(242, 'YENİŞEHİR', 16),
(243, 'YILDIRIM', 16),
(244, 'AYVACIK', 17),
(245, 'BAYRAMİÇ', 17),
(246, 'BİGA', 17),
(247, 'BOZCAADA', 17),
(248, 'ÇAN', 17),
(249, 'ECEABAT', 17),
(250, 'EZİNE', 17),
(251, 'GELİBOLU', 17),
(252, 'GÖKÇEADA', 17),
(253, 'LAPSEKİ', 17),
(254, 'MERKEZ', 17),
(255, 'YENİCE', 17),
(256, 'ATKARACALAR', 18),
(257, 'BAYRAMÖREN', 18),
(258, 'ÇERKEŞ', 18),
(259, 'ELDİVAN', 18),
(260, 'ILGAZ', 18),
(261, 'KIZILIRMAK', 18),
(262, 'KORGUN', 18),
(263, 'KURŞUNLU', 18),
(264, 'MERKEZ', 18),
(265, 'ORTA', 18),
(266, 'ŞABANÖZÜ', 18),
(267, 'YAPRAKLI', 18),
(268, 'ALACA', 19),
(269, 'BAYAT', 19),
(270, 'BOĞAZKALE', 19),
(271, 'DODURGA', 19),
(272, 'İSKİLİP', 19),
(273, 'KARGI', 19),
(274, 'LAÇİN', 19),
(275, 'MECİTÖZÜ', 19),
(276, 'MERKEZ', 19),
(277, 'OĞUZLAR', 19),
(278, 'ORTAKÖY', 19),
(279, 'OSMANCIK', 19),
(280, 'SUNGURLU', 19),
(281, 'UĞURLUDAĞ', 19),
(282, 'ACIPAYAM', 20),
(283, 'BABADAĞ', 20),
(284, 'BAKLAN', 20),
(285, 'BEKİLLİ', 20),
(286, 'BEYAĞAÇ', 20),
(287, 'BOZKURT', 20),
(288, 'BULDAN', 20),
(289, 'ÇAL', 20),
(290, 'ÇAMELİ', 20),
(291, 'ÇARDAK', 20),
(292, 'ÇİVRİL', 20),
(293, 'GÜNEY', 20),
(294, 'HONAZ', 20),
(295, 'KALE', 20),
(296, 'MERKEZEFENDİ', 20),
(297, 'PAMUKKALE', 20),
(298, 'SARAYKÖY', 20),
(299, 'SERİNHİSAR', 20),
(300, 'TAVAS', 20),
(301, 'BAĞLAR', 21),
(302, 'BİSMİL', 21),
(303, 'ÇERMİK', 21),
(304, 'ÇINAR', 21),
(305, 'ÇÜNGÜŞ', 21),
(306, 'DİCLE', 21),
(307, 'EĞİL', 21),
(308, 'ERGANİ', 21),
(309, 'HANİ', 21),
(310, 'HAZRO', 21),
(311, 'KAYAPINAR', 21),
(312, 'KOCAKÖY', 21),
(313, 'KULP', 21),
(314, 'LİCE', 21),
(315, 'SİLVAN', 21),
(316, 'SUR', 21),
(317, 'YENİŞEHİR', 21),
(318, 'AKÇAKOCA', 81),
(319, 'CUMAYERİ', 81),
(320, 'ÇİLİMLİ', 81),
(321, 'GÖLYAKA', 81),
(322, 'GÜMÜŞOVA', 81),
(323, 'KAYNAŞLI', 81),
(324, 'MERKEZ', 81),
(325, 'YIĞILCA', 81),
(326, 'ENEZ', 22),
(327, 'HAVSA', 22),
(328, 'İPSALA', 22),
(329, 'KEŞAN', 22),
(330, 'LALAPAŞA', 22),
(331, 'MERİÇ', 22),
(332, 'MERKEZ', 22),
(333, 'SÜLOĞLU', 22),
(334, 'UZUNKÖPRÜ', 22),
(335, 'AĞIN', 23),
(336, 'ALACAKAYA', 23),
(337, 'ARICAK', 23),
(338, 'BASKİL', 23),
(339, 'KARAKOÇAN', 23),
(340, 'KEBAN', 23),
(341, 'KOVANCILAR', 23),
(342, 'MADEN', 23),
(343, 'MERKEZ', 23),
(344, 'PALU', 23),
(345, 'SİVRİCE', 23),
(346, 'ÇAYIRLI', 24),
(347, 'İLİÇ', 24),
(348, 'KEMAH', 24),
(349, 'KEMALİYE', 24),
(350, 'MERKEZ', 24),
(351, 'OTLUKBELİ', 24),
(352, 'REFAHİYE', 24),
(353, 'TERCAN', 24),
(354, 'ÜZÜMLÜ', 24),
(355, 'AŞKALE', 25),
(356, 'AZİZİYE', 25),
(357, 'ÇAT', 25),
(358, 'HINIS', 25),
(359, 'HORASAN', 25),
(360, 'İSPİR', 25),
(361, 'KARAÇOBAN', 25),
(362, 'KARAYAZI', 25),
(363, 'KÖPRÜKÖY', 25),
(364, 'NARMAN', 25),
(365, 'OLTU', 25),
(366, 'OLUR', 25),
(367, 'PALANDÖKEN', 25),
(368, 'PASİNLER', 25),
(369, 'PAZARYOLU', 25),
(370, 'ŞENKAYA', 25),
(371, 'TEKMAN', 25),
(372, 'TORTUM', 25),
(373, 'UZUNDERE', 25),
(374, 'YAKUTİYE', 25),
(375, 'ALPU', 26),
(376, 'BEYLİKOVA', 26),
(377, 'ÇİFTELER', 26),
(378, 'GÜNYÜZÜ', 26),
(379, 'HAN', 26),
(380, 'İNÖNÜ', 26),
(381, 'MAHMUDİYE', 26),
(382, 'MİHALGAZİ', 26),
(383, 'MİHALIÇÇIK', 26),
(384, 'ODUNPAZARI', 26),
(385, 'SARICAKAYA', 26),
(386, 'SEYİTGAZİ', 26),
(387, 'SİVRİHİSAR', 26),
(388, 'TEPEBAŞI', 26),
(389, 'ARABAN', 27),
(390, 'İSLAHİYE', 27),
(391, 'KARKAMIŞ', 27),
(392, 'NİZİP', 27),
(393, 'NURDAĞI', 27),
(394, 'OĞUZELİ', 27),
(395, 'ŞAHİNBEY', 27),
(396, 'ŞEHİTKAMİL', 27),
(397, 'YAVUZELİ', 27),
(398, 'ALUCRA', 28),
(399, 'BULANCAK', 28),
(400, 'ÇAMOLUK', 28),
(401, 'ÇANAKÇI', 28),
(402, 'DERELİ', 28),
(403, 'DOĞANKENT', 28),
(404, 'ESPİYE', 28),
(405, 'EYNESİL', 28),
(406, 'GÖRELE', 28),
(407, 'GÜCE', 28),
(408, 'KEŞAP', 28),
(409, 'MERKEZ', 28),
(410, 'PİRAZİZ', 28),
(411, 'ŞEBİNKARAHİSAR', 28),
(412, 'TİREBOLU', 28),
(413, 'YAĞLIDERE', 28),
(414, 'KELKİT', 29),
(415, 'KÖSE', 29),
(416, 'KÜRTÜN', 29),
(417, 'MERKEZ', 29),
(418, 'ŞİRAN', 29),
(419, 'TORUL', 29),
(420, 'ÇUKURCA', 30),
(421, 'DERECİK', 30),
(422, 'MERKEZ', 30),
(423, 'ŞEMDİNLİ', 30),
(424, 'YÜKSEKOVA', 30),
(425, 'ALTINÖZÜ', 31),
(426, 'ANTAKYA', 31),
(427, 'ARSUZ', 31),
(428, 'BELEN', 31),
(429, 'DEFNE', 31),
(430, 'DÖRTYOL', 31),
(431, 'ERZİN', 31),
(432, 'HASSA', 31),
(433, 'İSKENDERUN', 31),
(434, 'KIRIKHAN', 31),
(435, 'KUMLU', 31),
(436, 'PAYAS', 31),
(437, 'REYHANLI', 31),
(438, 'SAMANDAĞ', 31),
(439, 'YAYLADAĞI', 31),
(440, 'ARALIK', 76),
(441, 'KARAKOYUNLU', 76),
(442, 'MERKEZ', 76),
(443, 'TUZLUCA', 76),
(444, 'AKSU', 32),
(445, 'ATABEY', 32),
(446, 'EĞİRDİR', 32),
(447, 'GELENDOST', 32),
(448, 'GÖNEN', 32),
(449, 'KEÇİBORLU', 32),
(450, 'MERKEZ', 32),
(451, 'SENİRKENT', 32),
(452, 'SÜTÇÜLER', 32),
(453, 'ŞARKİKARAAĞAÇ', 32),
(454, 'ULUBORLU', 32),
(455, 'YALVAÇ', 32),
(456, 'YENİŞARBADEMLİ', 32),
(457, 'ADALAR', 34),
(458, 'ARNAVUTKÖY', 34),
(459, 'ATAŞEHİR', 34),
(460, 'AVCILAR', 34),
(461, 'BAĞCILAR', 34),
(462, 'BAHÇELİEVLER', 34),
(463, 'BAKIRKÖY', 34),
(464, 'BAŞAKŞEHİR', 34),
(465, 'BAYRAMPAŞA', 34),
(466, 'BEŞİKTAŞ', 34),
(467, 'BEYKOZ', 34),
(468, 'BEYLİKDÜZÜ', 34),
(469, 'BEYOĞLU', 34),
(470, 'BÜYÜKÇEKMECE', 34),
(471, 'ÇATALCA', 34),
(472, 'ÇEKMEKÖY', 34),
(473, 'ESENLER', 34),
(474, 'ESENYURT', 34),
(475, 'EYÜPSULTAN', 34),
(476, 'FATİH', 34),
(477, 'GAZİOSMANPAŞA', 34),
(478, 'GÜNGÖREN', 34),
(479, 'KADIKÖY', 34),
(480, 'KAĞITHANE', 34),
(481, 'KARTAL', 34),
(482, 'KÜÇÜKÇEKMECE', 34),
(483, 'MALTEPE', 34),
(484, 'PENDİK', 34),
(485, 'SANCAKTEPE', 34),
(486, 'SARIYER', 34),
(487, 'SİLİVRİ', 34),
(488, 'SULTANBEYLİ', 34),
(489, 'SULTANGAZİ', 34),
(490, 'ŞİLE', 34),
(491, 'ŞİŞLİ', 34),
(492, 'TUZLA', 34),
(493, 'ÜMRANİYE', 34),
(494, 'ÜSKÜDAR', 34),
(495, 'ZEYTİNBURNU', 34),
(496, 'ALİAĞA', 35),
(497, 'BALÇOVA', 35),
(498, 'BAYINDIR', 35),
(499, 'BAYRAKLI', 35),
(500, 'BERGAMA', 35),
(501, 'BEYDAĞ', 35),
(502, 'BORNOVA', 35),
(503, 'BUCA', 35),
(504, 'ÇEŞME', 35),
(505, 'ÇİĞLİ', 35),
(506, 'DİKİLİ', 35),
(507, 'FOÇA', 35),
(508, 'GAZİEMİR', 35),
(509, 'GÜZELBAHÇE', 35),
(510, 'KARABAĞLAR', 35),
(511, 'KARABURUN', 35),
(512, 'KARŞIYAKA', 35),
(513, 'KEMALPAŞA', 35),
(514, 'KINIK', 35),
(515, 'KİRAZ', 35),
(516, 'KONAK', 35),
(517, 'MENDERES', 35),
(518, 'MENEMEN', 35),
(519, 'NARLIDERE', 35),
(520, 'ÖDEMİŞ', 35),
(521, 'SEFERİHİSAR', 35),
(522, 'SELÇUK', 35),
(523, 'TİRE', 35),
(524, 'TORBALI', 35),
(525, 'URLA', 35),
(526, 'AFŞİN', 46),
(527, 'ANDIRIN', 46),
(528, 'ÇAĞLAYANCERİT', 46),
(529, 'DULKADİROĞLU', 46),
(530, 'EKİNÖZÜ', 46),
(531, 'ELBİSTAN', 46),
(532, 'GÖKSUN', 46),
(533, 'NURHAK', 46),
(534, 'ONİKİŞUBAT', 46),
(535, 'PAZARCIK', 46),
(536, 'TÜRKOĞLU', 46),
(537, 'EFLANİ', 78),
(538, 'ESKİPAZAR', 78),
(539, 'MERKEZ', 78),
(540, 'OVACIK', 78),
(541, 'SAFRANBOLU', 78),
(542, 'YENİCE', 78),
(543, 'AYRANCI', 70),
(544, 'BAŞYAYLA', 70),
(545, 'ERMENEK', 70),
(546, 'KAZIMKARABEKİR', 70),
(547, 'MERKEZ', 70),
(548, 'SARIVELİLER', 70),
(549, 'AKYAKA', 36),
(550, 'ARPAÇAY', 36),
(551, 'DİGOR', 36),
(552, 'KAĞIZMAN', 36),
(553, 'MERKEZ', 36),
(554, 'SARIKAMIŞ', 36),
(555, 'SELİM', 36),
(556, 'SUSUZ', 36),
(557, 'ABANA', 37),
(558, 'AĞLI', 37),
(559, 'ARAÇ', 37),
(560, 'AZDAVAY', 37),
(561, 'BOZKURT', 37),
(562, 'CİDE', 37),
(563, 'ÇATALZEYTİN', 37),
(564, 'DADAY', 37),
(565, 'DEVREKANİ', 37),
(566, 'DOĞANYURT', 37),
(567, 'HANÖNÜ', 37),
(568, 'İHSANGAZİ', 37),
(569, 'İNEBOLU', 37),
(570, 'KÜRE', 37),
(571, 'MERKEZ', 37),
(572, 'PINARBAŞI', 37),
(573, 'SEYDİLER', 37),
(574, 'ŞENPAZAR', 37),
(575, 'TAŞKÖPRÜ', 37),
(576, 'TOSYA', 37),
(577, 'AKKIŞLA', 38),
(578, 'BÜNYAN', 38),
(579, 'DEVELİ', 38),
(580, 'FELAHİYE', 38),
(581, 'HACILAR', 38),
(582, 'İNCESU', 38),
(583, 'KOCASİNAN', 38),
(584, 'MELİKGAZİ', 38),
(585, 'ÖZVATAN', 38),
(586, 'PINARBAŞI', 38),
(587, 'SARIOĞLAN', 38),
(588, 'SARIZ', 38),
(589, 'TALAS', 38),
(590, 'TOMARZA', 38),
(591, 'YAHYALI', 38),
(592, 'YEŞİLHİSAR', 38),
(593, 'BAHŞILI', 71),
(594, 'BALIŞEYH', 71),
(595, 'ÇELEBİ', 71),
(596, 'DELİCE', 71),
(597, 'KARAKEÇİLİ', 71),
(598, 'KESKİN', 71),
(599, 'MERKEZ', 71),
(600, 'SULAKYURT', 71),
(601, 'YAHŞİHAN', 71),
(602, 'BABAESKİ', 39),
(603, 'DEMİRKÖY', 39),
(604, 'KOFÇAZ', 39),
(605, 'LÜLEBURGAZ', 39),
(606, 'MERKEZ', 39),
(607, 'PEHLİVANKÖY', 39),
(608, 'PINARHİSAR', 39),
(609, 'VİZE', 39),
(610, 'AKÇAKENT', 40),
(611, 'AKPINAR', 40),
(612, 'BOZTEPE', 40),
(613, 'ÇİÇEKDAĞI', 40),
(614, 'KAMAN', 40),
(615, 'MERKEZ', 40),
(616, 'MUCUR', 40),
(617, 'ELBEYLİ', 79),
(618, 'MERKEZ', 79),
(619, 'MUSABEYLİ', 79),
(620, 'POLATELİ', 79),
(621, 'BAŞİSKELE', 41),
(622, 'ÇAYIROVA', 41),
(623, 'DARICA', 41),
(624, 'DERİNCE', 41),
(625, 'DİLOVASI', 41),
(626, 'GEBZE', 41),
(627, 'GÖLCÜK', 41),
(628, 'İZMİT', 41),
(629, 'KANDIRA', 41),
(630, 'KARAMÜRSEL', 41),
(631, 'KARTEPE', 41),
(632, 'KÖRFEZ', 41),
(633, 'AHIRLI', 42),
(634, 'AKÖREN', 42),
(635, 'AKŞEHİR', 42),
(636, 'ALTINEKİN', 42),
(637, 'BEYŞEHİR', 42),
(638, 'BOZKIR', 42),
(639, 'CİHANBEYLİ', 42),
(640, 'ÇELTİK', 42),
(641, 'ÇUMRA', 42),
(642, 'DERBENT', 42),
(643, 'DEREBUCAK', 42),
(644, 'DOĞANHİSAR', 42),
(645, 'EMİRGAZİ', 42),
(646, 'EREĞLİ', 42),
(647, 'GÜNEYSINIR', 42),
(648, 'HADİM', 42),
(649, 'HALKAPINAR', 42),
(650, 'HÜYÜK', 42),
(651, 'ILGIN', 42),
(652, 'KADINHANI', 42),
(653, 'KARAPINAR', 42),
(654, 'KARATAY', 42),
(655, 'KULU', 42),
(656, 'MERAM', 42),
(657, 'SARAYÖNÜ', 42),
(658, 'SELÇUKLU', 42),
(659, 'SEYDİŞEHİR', 42),
(660, 'TAŞKENT', 42),
(661, 'TUZLUKÇU', 42),
(662, 'YALIHÜYÜK', 42),
(663, 'YUNAK', 42),
(664, 'ALTINTAŞ', 43),
(665, 'ASLANAPA', 43),
(666, 'ÇAVDARHİSAR', 43),
(667, 'DOMANİÇ', 43),
(668, 'DUMLUPINAR', 43),
(669, 'EMET', 43),
(670, 'GEDİZ', 43),
(671, 'HİSARCIK', 43),
(672, 'MERKEZ', 43),
(673, 'PAZARLAR', 43),
(674, 'SİMAV', 43),
(675, 'ŞAPHANE', 43),
(676, 'TAVŞANLI', 43),
(677, 'AKÇADAĞ', 44),
(678, 'ARAPGİR', 44),
(679, 'ARGUVAN', 44),
(680, 'BATTALGAZİ', 44),
(681, 'DARENDE', 44),
(682, 'DOĞANŞEHİR', 44),
(683, 'DOĞANYOL', 44),
(684, 'HEKİMHAN', 44),
(685, 'KALE', 44),
(686, 'KULUNCAK', 44),
(687, 'PÜTÜRGE', 44),
(688, 'YAZIHAN', 44),
(689, 'YEŞİLYURT', 44),
(690, 'AHMETLİ', 45),
(691, 'AKHİSAR', 45),
(692, 'ALAŞEHİR', 45),
(693, 'DEMİRCİ', 45),
(694, 'GÖLMARMARA', 45),
(695, 'GÖRDES', 45),
(696, 'KIRKAĞAÇ', 45),
(697, 'KÖPRÜBAŞI', 45),
(698, 'KULA', 45),
(699, 'SALİHLİ', 45),
(700, 'SARIGÖL', 45),
(701, 'SARUHANLI', 45),
(702, 'SELENDİ', 45),
(703, 'SOMA', 45),
(704, 'ŞEHZADELER', 45),
(705, 'TURGUTLU', 45),
(706, 'YUNUSEMRE', 45),
(707, 'ARTUKLU', 47),
(708, 'DARGEÇİT', 47),
(709, 'DERİK', 47),
(710, 'KIZILTEPE', 47),
(711, 'MAZIDAĞI', 47),
(712, 'MİDYAT', 47),
(713, 'NUSAYBİN', 47),
(714, 'ÖMERLİ', 47),
(715, 'SAVUR', 47),
(716, 'YEŞİLLİ', 47),
(717, 'AKDENİZ', 33),
(718, 'ANAMUR', 33),
(719, 'AYDINCIK', 33),
(720, 'BOZYAZI', 33),
(721, 'ÇAMLIYAYLA', 33),
(722, 'ERDEMLİ', 33),
(723, 'GÜLNAR', 33),
(724, 'MEZİTLİ', 33),
(725, 'MUT', 33),
(726, 'SİLİFKE', 33),
(727, 'TARSUS', 33),
(728, 'TOROSLAR', 33),
(729, 'YENİŞEHİR', 33),
(730, 'BODRUM', 48),
(731, 'DALAMAN', 48),
(732, 'DATÇA', 48),
(733, 'FETHİYE', 48),
(734, 'KAVAKLIDERE', 48),
(735, 'KÖYCEĞİZ', 48),
(736, 'MARMARİS', 48),
(737, 'MENTEŞE', 48),
(738, 'MİLAS', 48),
(739, 'ORTACA', 48),
(740, 'SEYDİKEMER', 48),
(741, 'ULA', 48),
(742, 'YATAĞAN', 48),
(743, 'BULANIK', 49),
(744, 'HASKÖY', 49),
(745, 'KORKUT', 49),
(746, 'MALAZGİRT', 49),
(747, 'MERKEZ', 49),
(748, 'VARTO', 49),
(749, 'ACIGÖL', 50),
(750, 'AVANOS', 50),
(751, 'DERİNKUYU', 50),
(752, 'GÜLŞEHİR', 50),
(753, 'HACIBEKTAŞ', 50),
(754, 'KOZAKLI', 50),
(755, 'MERKEZ', 50),
(756, 'ÜRGÜP', 50),
(757, 'ALTUNHİSAR', 51),
(758, 'BOR', 51),
(759, 'ÇAMARDI', 51),
(760, 'ÇİFTLİK', 51),
(761, 'MERKEZ', 51),
(762, 'ULUKIŞLA', 51),
(763, 'AKKUŞ', 52),
(764, 'ALTINORDU', 52),
(765, 'AYBASTI', 52),
(766, 'ÇAMAŞ', 52),
(767, 'ÇATALPINAR', 52),
(768, 'ÇAYBAŞI', 52),
(769, 'FATSA', 52),
(770, 'GÖLKÖY', 52),
(771, 'GÜLYALI', 52),
(772, 'GÜRGENTEPE', 52),
(773, 'İKİZCE', 52),
(774, 'KABADÜZ', 52),
(775, 'KABATAŞ', 52),
(776, 'KORGAN', 52),
(777, 'KUMRU', 52),
(778, 'MESUDİYE', 52),
(779, 'PERŞEMBE', 52),
(780, 'ULUBEY', 52),
(781, 'ÜNYE', 52),
(782, 'BAHÇE', 80),
(783, 'DÜZİÇİ', 80),
(784, 'HASANBEYLİ', 80),
(785, 'KADİRLİ', 80),
(786, 'MERKEZ', 80),
(787, 'SUMBAS', 80),
(788, 'TOPRAKKALE', 80),
(789, 'ARDEŞEN', 53),
(790, 'ÇAMLIHEMŞİN', 53),
(791, 'ÇAYELİ', 53),
(792, 'DEREPAZARI', 53),
(793, 'FINDIKLI', 53),
(794, 'GÜNEYSU', 53),
(795, 'HEMŞİN', 53),
(796, 'İKİZDERE', 53),
(797, 'İYİDERE', 53),
(798, 'KALKANDERE', 53),
(799, 'MERKEZ', 53),
(800, 'PAZAR', 53),
(801, 'ADAPAZARI', 54),
(802, 'AKYAZI', 54),
(803, 'ARİFİYE', 54),
(804, 'ERENLER', 54),
(805, 'FERİZLİ', 54),
(806, 'GEYVE', 54),
(807, 'HENDEK', 54),
(808, 'KARAPÜRÇEK', 54),
(809, 'KARASU', 54),
(810, 'KAYNARCA', 54),
(811, 'KOCAALİ', 54),
(812, 'PAMUKOVA', 54),
(813, 'SAPANCA', 54),
(814, 'SERDİVAN', 54),
(815, 'SÖĞÜTLÜ', 54),
(816, 'TARAKLI', 54),
(817, '19 MAYIS', 55),
(818, 'ALAÇAM', 55),
(819, 'ASARCIK', 55),
(820, 'ATAKUM', 55),
(821, 'AYVACIK', 55),
(822, 'BAFRA', 55),
(823, 'CANİK', 55),
(824, 'ÇARŞAMBA', 55),
(825, 'HAVZA', 55),
(826, 'İLKADIM', 55),
(827, 'KAVAK', 55),
(828, 'LADİK', 55),
(829, 'SALIPAZARI', 55),
(830, 'TEKKEKÖY', 55),
(831, 'TERME', 55),
(832, 'VEZİRKÖPRÜ', 55),
(833, 'YAKAKENT', 55),
(834, 'BAYKAN', 56),
(835, 'ERUH', 56),
(836, 'KURTALAN', 56),
(837, 'MERKEZ', 56),
(838, 'PERVARİ', 56),
(839, 'ŞİRVAN', 56),
(840, 'TİLLO', 56),
(841, 'AYANCIK', 57),
(842, 'BOYABAT', 57),
(843, 'DİKMEN', 57),
(844, 'DURAĞAN', 57),
(845, 'ERFELEK', 57),
(846, 'GERZE', 57),
(847, 'MERKEZ', 57),
(848, 'SARAYDÜZÜ', 57),
(849, 'TÜRKELİ', 57),
(850, 'AKINCILAR', 58),
(851, 'ALTINYAYLA', 58),
(852, 'DİVRİĞİ', 58),
(853, 'DOĞANŞAR', 58),
(854, 'GEMEREK', 58),
(855, 'GÖLOVA', 58),
(856, 'GÜRÜN', 58),
(857, 'HAFİK', 58),
(858, 'İMRANLI', 58),
(859, 'KANGAL', 58),
(860, 'KOYULHİSAR', 58),
(861, 'MERKEZ', 58),
(862, 'SUŞEHRİ', 58),
(863, 'ŞARKIŞLA', 58),
(864, 'ULAŞ', 58),
(865, 'YILDIZELİ', 58),
(866, 'ZARA', 58),
(867, 'AKÇAKALE', 63),
(868, 'BİRECİK', 63),
(869, 'BOZOVA', 63),
(870, 'CEYLANPINAR', 63),
(871, 'EYYÜBİYE', 63),
(872, 'HALFETİ', 63),
(873, 'HALİLİYE', 63),
(874, 'HARRAN', 63),
(875, 'HİLVAN', 63),
(876, 'KARAKÖPRÜ', 63),
(877, 'SİVEREK', 63),
(878, 'SURUÇ', 63),
(879, 'VİRANŞEHİR', 63),
(880, 'BEYTÜŞŞEBAP', 73),
(881, 'CİZRE', 73),
(882, 'GÜÇLÜKONAK', 73),
(883, 'İDİL', 73),
(884, 'MERKEZ', 73),
(885, 'SİLOPİ', 73),
(886, 'ULUDERE', 73),
(887, 'ÇERKEZKÖY', 59),
(888, 'ÇORLU', 59),
(889, 'ERGENE', 59),
(890, 'HAYRABOLU', 59),
(891, 'KAPAKLI', 59),
(892, 'MALKARA', 59),
(893, 'MARMARAEREĞLİSİ', 59),
(894, 'MURATLI', 59),
(895, 'SARAY', 59),
(896, 'SÜLEYMANPAŞA', 59),
(897, 'ŞARKÖY', 59),
(898, 'ALMUS', 60),
(899, 'ARTOVA', 60),
(900, 'BAŞÇİFTLİK', 60),
(901, 'ERBAA', 60),
(902, 'MERKEZ', 60),
(903, 'NİKSAR', 60),
(904, 'PAZAR', 60),
(905, 'REŞADİYE', 60),
(906, 'SULUSARAY', 60),
(907, 'TURHAL', 60),
(908, 'YEŞİLYURT', 60),
(909, 'ZİLE', 60),
(910, 'AKÇAABAT', 61),
(911, 'ARAKLI', 61),
(912, 'ARSİN', 61),
(913, 'BEŞİKDÜZÜ', 61),
(914, 'ÇARŞIBAŞI', 61),
(915, 'ÇAYKARA', 61),
(916, 'DERNEKPAZARI', 61),
(917, 'DÜZKÖY', 61),
(918, 'HAYRAT', 61),
(919, 'KÖPRÜBAŞI', 61),
(920, 'MAÇKA', 61),
(921, 'OF', 61),
(922, 'ORTAHİSAR', 61),
(923, 'SÜRMENE', 61),
(924, 'ŞALPAZARI', 61),
(925, 'TONYA', 61),
(926, 'VAKFIKEBİR', 61),
(927, 'YOMRA', 61),
(928, 'ÇEMİŞGEZEK', 62),
(929, 'HOZAT', 62),
(930, 'MAZGİRT', 62),
(931, 'MERKEZ', 62),
(932, 'NAZIMİYE', 62),
(933, 'OVACIK', 62),
(934, 'PERTEK', 62),
(935, 'PÜLÜMÜR', 62),
(936, 'BANAZ', 64),
(937, 'EŞME', 64),
(938, 'KARAHALLI', 64),
(939, 'MERKEZ', 64),
(940, 'SİVASLI', 64),
(941, 'ULUBEY', 64),
(942, 'BAHÇESARAY', 65),
(943, 'BAŞKALE', 65),
(944, 'ÇALDIRAN', 65),
(945, 'ÇATAK', 65),
(946, 'EDREMİT', 65),
(947, 'ERCİŞ', 65),
(948, 'GEVAŞ', 65),
(949, 'GÜRPINAR', 65),
(950, 'İPEKYOLU', 65),
(951, 'MURADİYE', 65),
(952, 'ÖZALP', 65),
(953, 'SARAY', 65),
(954, 'TUŞBA', 65),
(955, 'ALTINOVA', 77),
(956, 'ARMUTLU', 77),
(957, 'ÇINARCIK', 77),
(958, 'ÇİFTLİKKÖY', 77),
(959, 'MERKEZ', 77),
(960, 'TERMAL', 77),
(961, 'AKDAĞMADENİ', 66),
(962, 'AYDINCIK', 66),
(963, 'BOĞAZLIYAN', 66),
(964, 'ÇANDIR', 66),
(965, 'ÇAYIRALAN', 66),
(966, 'ÇEKEREK', 66),
(967, 'KADIŞEHRİ', 66),
(968, 'MERKEZ', 66),
(969, 'SARAYKENT', 66),
(970, 'SARIKAYA', 66),
(971, 'SORGUN', 66),
(972, 'ŞEFAATLİ', 66),
(973, 'YENİFAKILI', 66),
(974, 'YERKÖY', 66),
(975, 'ALAPLI', 67),
(976, 'ÇAYCUMA', 67),
(977, 'DEVREK', 67),
(978, 'EREĞLİ', 67),
(979, 'GÖKÇEBEY', 67),
(980, 'KİLİMLİ', 67),
(981, 'KOZLU', 67),
(982, 'MERKEZ', 67);

--
-- Dökümü yapılmış tablolar için indeksler
--

--
-- Tablo için indeksler `admins`
--
ALTER TABLE `admins`
  ADD PRIMARY KEY (`adminID`),
  ADD UNIQUE KEY `adminTCNumber` (`adminTCNumber`);

--
-- Tablo için indeksler `cities`
--
ALTER TABLE `cities`
  ADD PRIMARY KEY (`cityID`),
  ADD UNIQUE KEY `cityName` (`cityName`);

--
-- Tablo için indeksler `doctors`
--
ALTER TABLE `doctors`
  ADD PRIMARY KEY (`doctorID`);

--
-- Tablo için indeksler `patients`
--
ALTER TABLE `patients`
  ADD PRIMARY KEY (`patientID`),
  ADD UNIQUE KEY `patientsTCNumber` (`patientTCNumber`);

--
-- Tablo için indeksler `poliklinik`
--
ALTER TABLE `poliklinik`
  ADD PRIMARY KEY (`poliklinikID`);

--
-- Tablo için indeksler `randevu`
--
ALTER TABLE `randevu`
  ADD PRIMARY KEY (`randevuID`);

--
-- Tablo için indeksler `seans`
--
ALTER TABLE `seans`
  ADD PRIMARY KEY (`seansID`);

--
-- Tablo için indeksler `settings`
--
ALTER TABLE `settings`
  ADD PRIMARY KEY (`settingID`);

--
-- Tablo için indeksler `towns`
--
ALTER TABLE `towns`
  ADD PRIMARY KEY (`townID`);

--
-- Dökümü yapılmış tablolar için AUTO_INCREMENT değeri
--

--
-- Tablo için AUTO_INCREMENT değeri `admins`
--
ALTER TABLE `admins`
  MODIFY `adminID` int(11) NOT NULL AUTO_INCREMENT, AUTO_INCREMENT=2;

--
-- Tablo için AUTO_INCREMENT değeri `cities`
--
ALTER TABLE `cities`
  MODIFY `cityID` tinyint(3) NOT NULL AUTO_INCREMENT, AUTO_INCREMENT=82;

--
-- Tablo için AUTO_INCREMENT değeri `doctors`
--
ALTER TABLE `doctors`
  MODIFY `doctorID` int(11) NOT NULL AUTO_INCREMENT, AUTO_INCREMENT=68;

--
-- Tablo için AUTO_INCREMENT değeri `patients`
--
ALTER TABLE `patients`
  MODIFY `patientID` int(11) NOT NULL AUTO_INCREMENT, AUTO_INCREMENT=28;

--
-- Tablo için AUTO_INCREMENT değeri `poliklinik`
--
ALTER TABLE `poliklinik`
  MODIFY `poliklinikID` int(11) NOT NULL AUTO_INCREMENT, AUTO_INCREMENT=38;

--
-- Tablo için AUTO_INCREMENT değeri `randevu`
--
ALTER TABLE `randevu`
  MODIFY `randevuID` int(11) NOT NULL AUTO_INCREMENT, AUTO_INCREMENT=312;

--
-- Tablo için AUTO_INCREMENT değeri `seans`
--
ALTER TABLE `seans`
  MODIFY `seansID` int(11) NOT NULL AUTO_INCREMENT, AUTO_INCREMENT=383;

--
-- Tablo için AUTO_INCREMENT değeri `settings`
--
ALTER TABLE `settings`
  MODIFY `settingID` int(11) NOT NULL AUTO_INCREMENT, AUTO_INCREMENT=2;

--
-- Tablo için AUTO_INCREMENT değeri `towns`
--
ALTER TABLE `towns`
  MODIFY `townID` int(11) NOT NULL AUTO_INCREMENT, AUTO_INCREMENT=983;
COMMIT;

/*!40101 SET CHARACTER_SET_CLIENT=@OLD_CHARACTER_SET_CLIENT */;
/*!40101 SET CHARACTER_SET_RESULTS=@OLD_CHARACTER_SET_RESULTS */;
/*!40101 SET COLLATION_CONNECTION=@OLD_COLLATION_CONNECTION */;
